Variation,Alternatives,Error,Total
Sum of squares,1291.1235294117644,160.37647058823563,1451.5
Deg freedom,5,504,509
Mean square,258.22470588235285,0.31820728291316597
Computed F,811.4984154929557
Tabulated F 90,1.8587340514865212
Tabulated F 95,2.23189943962674
Tabulated F 99,3.0536748865304038
