Variation,Alternatives,Error,Total
Sum of squares,2484.0235294117642,123.97647058823577,2608.0
Deg freedom,2,252,254
Mean square,1242.0117647058821,0.491970121381888
Computed F,2524.56747010817
Tabulated F 90,2.3237531195313847
Tabulated F 95,3.031628943380255
Tabulated F 99,4.690362021289192
